"Category","Job_Type","Sum","Institution"
"CTE - Business & Computing","Instructor/Teacher/Faculty",14,"Total"
"CTE - Health Sciences","Adjunct/Part-Time Faculty",10,"Total"
"CTE - Health Sciences","Instructor/Teacher/Faculty",5,"Total"
"CTE - Trades & Engineering","Adjunct/Part-Time Faculty",4,"Total"
"CTE - Trades & Engineering","Instructor/Teacher/Faculty",18,"Total"
"Criminal Justice","Instructor/Teacher/Faculty",2,"Total"
"Culinary/Hospitality","Adjunct/Part-Time Faculty",1,"Total"
"Culinary/Hospitality","Instructor/Teacher/Faculty",2,"Total"
"Education","Adjunct/Part-Time Faculty",1,"Total"
"Education","Instructor/Teacher/Faculty",4,"Total"
"History","Adjunct/Part-Time Faculty",1,"Total"
"History","Instructor/Teacher/Faculty",2,"Total"
"Human Services","Instructor/Teacher/Faculty",1,"Total"
"Humanities","Adjunct/Part-Time Faculty",1,"Total"
"Humanities","Instructor/Teacher/Faculty",2,"Total"
"Language","Adjunct/Part-Time Faculty",1,"Total"
"Language","Instructor/Teacher/Faculty",4,"Total"
"Legal","Instructor/Teacher/Faculty",1,"Total"
"Library","Instructor/Teacher/Faculty",2,"Total"
"Math","Instructor/Teacher/Faculty",7,"Total"
"Physical Education","Instructor/Teacher/Faculty",1,"Total"
"Science","Adjunct/Part-Time Faculty",2,"Total"
"Science","Instructor/Teacher/Faculty",21,"Total"
"Social Science","Instructor/Teacher/Faculty",2,"Total"
"The Arts","Adjunct/Part-Time Faculty",1,"Total"
"The Arts","Instructor/Teacher/Faculty",2,"Total"
"Uncategorized","Adjunct/Part-Time Faculty",9,"Total"
"Uncategorized","Instructor/Teacher/Faculty",50,"Total"
"CTE - Business & Computing","Instructor/Teacher/Faculty",11,"Montana State University"
"CTE - Business & Computing","Instructor/Teacher/Faculty",1,"Montana State University Billings"
"CTE - Business & Computing","Instructor/Teacher/Faculty",1,"Montana Tech"
"CTE - Business & Computing","Instructor/Teacher/Faculty",1,"Rocky Mountain College"
"CTE - Health Sciences","Adjunct/Part-Time Faculty",1,"Carroll College"
"CTE - Health Sciences","Adjunct/Part-Time Faculty",1,"Flathead Valley Community College"
"CTE - Health Sciences","Adjunct/Part-Time Faculty",2,"Great Falls College MSU"
"CTE - Health Sciences","Adjunct/Part-Time Faculty",3,"Helena College"
"CTE - Health Sciences","Instructor/Teacher/Faculty",4,"Montana State University"
"CTE - Health Sciences","Adjunct/Part-Time Faculty",1,"Montana State University-Northern"
"CTE - Health Sciences","Instructor/Teacher/Faculty",1,"Montana State University-Northern"
"CTE - Health Sciences","Adjunct/Part-Time Faculty",1,"Salish Kootenai College"
"CTE - Health Sciences","Adjunct/Part-Time Faculty",1,"University of Providence"
"CTE - Trades & Engineering","Instructor/Teacher/Faculty",1,"Dawson Community College"
"CTE - Trades & Engineering","Adjunct/Part-Time Faculty",3,"Flathead Valley Community College"
"CTE - Trades & Engineering","Adjunct/Part-Time Faculty",1,"Helena College"
"CTE - Trades & Engineering","Instructor/Teacher/Faculty",1,"Helena College"
"CTE - Trades & Engineering","Instructor/Teacher/Faculty",12,"Montana State University"
"CTE - Trades & Engineering","Instructor/Teacher/Faculty",2,"Montana State University-Northern"
"CTE - Trades & Engineering","Instructor/Teacher/Faculty",2,"Montana Tech"
"Criminal Justice","Instructor/Teacher/Faculty",2,"Montana State University Billings"
"Culinary/Hospitality","Adjunct/Part-Time Faculty",1,"Flathead Valley Community College"
"Culinary/Hospitality","Instructor/Teacher/Faculty",2,"Montana State University"
"Education","Instructor/Teacher/Faculty",1,"Aaniiih Nakoda College"
"Education","Adjunct/Part-Time Faculty",1,"Flathead Valley Community College"
"Education","Instructor/Teacher/Faculty",3,"Montana State University"
"History","Adjunct/Part-Time Faculty",1,"Flathead Valley Community College"
"History","Instructor/Teacher/Faculty",1,"Montana State University"
"History","Instructor/Teacher/Faculty",1,"Montana Tech"
"Human Services","Instructor/Teacher/Faculty",1,"Montana State University"
"Humanities","Adjunct/Part-Time Faculty",1,"Flathead Valley Community College"
"Humanities","Instructor/Teacher/Faculty",1,"Montana State University"
"Humanities","Instructor/Teacher/Faculty",1,"Montana State University Billings"
"Language","Adjunct/Part-Time Faculty",1,"Flathead Valley Community College"
"Language","Instructor/Teacher/Faculty",4,"Montana State University"
"Legal","Instructor/Teacher/Faculty",1,"Montana State University"
"Library","Instructor/Teacher/Faculty",2,"Montana State University"
"Math","Instructor/Teacher/Faculty",1,"Flathead Valley Community College"
"Math","Instructor/Teacher/Faculty",1,"Little Big Horn College"
"Math","Instructor/Teacher/Faculty",4,"Montana State University"
"Math","Instructor/Teacher/Faculty",1,"Montana Tech"
"Physical Education","Instructor/Teacher/Faculty",1,"Montana State University"
"Science","Instructor/Teacher/Faculty",1,"Aaniiih Nakoda College"
"Science","Adjunct/Part-Time Faculty",1,"Flathead Valley Community College"
"Science","Instructor/Teacher/Faculty",1,"Flathead Valley Community College"
"Science","Instructor/Teacher/Faculty",16,"Montana State University"
"Science","Instructor/Teacher/Faculty",1,"Montana State University-Northern"
"Science","Instructor/Teacher/Faculty",1,"Montana Tech"
"Science","Instructor/Teacher/Faculty",1,"Salish Kootenai College"
"Science","Adjunct/Part-Time Faculty",1,"University of Providence"
"Social Science","Instructor/Teacher/Faculty",2,"Montana State University"
"The Arts","Adjunct/Part-Time Faculty",1,"Great Falls College MSU"
"The Arts","Instructor/Teacher/Faculty",2,"Montana State University"
"Uncategorized","Instructor/Teacher/Faculty",1,"Carroll College"
"Uncategorized","Adjunct/Part-Time Faculty",4,"Flathead Valley Community College"
"Uncategorized","Instructor/Teacher/Faculty",1,"Flathead Valley Community College"
"Uncategorized","Adjunct/Part-Time Faculty",2,"Great Falls College MSU"
"Uncategorized","Instructor/Teacher/Faculty",1,"Great Falls College MSU"
"Uncategorized","Instructor/Teacher/Faculty",1,"Little Big Horn College"
"Uncategorized","Adjunct/Part-Time Faculty",1,"Miles Community College"
"Uncategorized","Instructor/Teacher/Faculty",40,"Montana State University"
"Uncategorized","Adjunct/Part-Time Faculty",1,"Montana State University Billings"
"Uncategorized","Instructor/Teacher/Faculty",1,"Montana State University Billings"
"Uncategorized","Adjunct/Part-Time Faculty",1,"Montana Tech"
"Uncategorized","Instructor/Teacher/Faculty",2,"Salish Kootenai College"
"Uncategorized","Instructor/Teacher/Faculty",2,"University of Montana"
"Uncategorized","Instructor/Teacher/Faculty",1,"University of Providence"
