"Institution","Archive_Date","n"
"Aaniiih Nakoda College","2026-08-11",11
"Blackfeet Community College","2026-08-11",8
"Carroll College","2026-08-11",14
"Dawson Community College","2026-08-11",7
"Flathead Valley Community College","2026-08-06",29
"Flathead Valley Community College","2026-08-07",29
"Flathead Valley Community College","2026-08-11",29
"Fort Peck Community College","2026-08-11",1
"Great Falls College MSU","2026-08-06",9
"Great Falls College MSU","2026-08-07",9
"Great Falls College MSU","2026-08-11",9
"Helena College","2026-08-11",11
"Highlands College","2026-08-11",2
"Little Big Horn College","2026-08-11",4
"Miles Community College","2026-08-07",6
"Miles Community College","2026-08-11",4
"Montana State University","2026-08-06",186
"Montana State University","2026-08-07",186
"Montana State University","2026-08-11",174
"Montana State University Billings","2026-08-06",9
"Montana State University Billings","2026-08-07",9
"Montana State University Billings","2026-08-11",10
"Montana State University-Northern","2026-08-06",9
"Montana State University-Northern","2026-08-07",9
"Montana State University-Northern","2026-08-11",11
"Montana Tech","2026-08-06",15
"Montana Tech","2026-08-07",15
"Montana Tech","2026-08-11",15
"Rocky Mountain College","2026-08-11",6
"Salish Kootenai College","2026-08-11",16
"Stone Child College","2026-08-11",5
"University of Montana","2026-08-11",26
"University of Montana Western","2026-08-11",5
"University of Providence","2026-08-11",4
"Aaniiih Nakoda College","2026-08-18",11
"Blackfeet Community College","2026-08-18",5
"Carroll College","2026-08-18",13
"Dawson Community College","2026-08-18",7
"Flathead Valley Community College","2026-08-18",28
"Fort Peck Community College","2026-08-18",1
"Great Falls College MSU","2026-08-18",8
"Helena College","2026-08-18",11
"Little Big Horn College","2026-08-18",4
"Miles Community College","2026-08-18",4
"Montana State University","2026-08-18",175
"Montana State University Billings","2026-08-18",11
"Montana State University-Northern","2026-08-18",12
"Montana Tech","2026-08-18",12
"Rocky Mountain College","2026-08-18",6
"Salish Kootenai College","2026-08-18",16
"Stone Child College","2026-08-18",5
"University of Montana","2026-08-18",26
"University of Montana Western","2026-08-18",5
"University of Providence","2026-08-18",4
"Aaniiih Nakoda College","2026-08-25",11
"Blackfeet Community College","2026-08-25",5
"Carroll College","2026-08-25",10
"Dawson Community College","2026-08-25",7
"Flathead Valley Community College","2026-08-25",27
"Fort Peck Community College","2026-08-25",1
"Great Falls College MSU","2026-08-25",7
"Helena College","2026-08-25",11
"Little Big Horn College","2026-08-25",4
"Miles Community College","2026-08-25",4
"Montana State University","2026-08-25",164
"Montana State University Billings","2026-08-25",11
"Montana State University-Northern","2026-08-25",12
"Montana Tech","2026-08-25",11
"Rocky Mountain College","2026-08-25",2
"Salish Kootenai College","2026-08-25",15
"Stone Child College","2026-08-25",5
"University of Montana","2026-08-25",25
"University of Montana Western","2026-08-25",5
"University of Providence","2026-08-25",3
"Aaniiih Nakoda College","2026-09-01",11
"Blackfeet Community College","2026-09-01",1
"Carroll College","2026-09-01",9
"Dawson Community College","2026-09-01",7
"Flathead Valley Community College","2026-09-01",30
"Fort Peck Community College","2026-09-01",1
"Great Falls College MSU","2026-09-01",7
"Helena College","2026-09-01",14
"Highlands College","2026-09-01",1
"Little Big Horn College","2026-09-01",4
"Miles Community College","2026-09-01",4
"Montana State University","2026-09-01",169
"Montana State University Billings","2026-09-01",11
"Montana State University-Northern","2026-09-01",12
"Montana Tech","2026-09-01",12
"Rocky Mountain College","2026-09-01",2
"Salish Kootenai College","2026-09-01",15
"Stone Child College","2026-09-01",5
"University of Montana","2026-09-01",25
"University of Montana Western","2026-09-01",5
"University of Providence","2026-09-01",3
