"District","Archive_Date","n"
"4 miles north of Harlem","2026-08-06",1
"4 miles north of Harlem","2026-08-07",1
"4 miles north of Harlem","2026-08-11",1
"5 miles West of Stanford","2026-08-06",1
"5 miles West of Stanford","2026-08-07",1
"5 miles West of Stanford","2026-08-11",1
"841 Bear Canyon Road","2026-08-06",1
"841 Bear Canyon Road","2026-08-07",1
"841 Bear Canyon Road","2026-08-11",1
"Absarokee","2026-08-06",5
"Absarokee","2026-08-07",5
"Absarokee","2026-08-11",5
"Anaconda","2026-08-06",3
"Anaconda","2026-08-07",3
"Anaconda","2026-08-11",3
"Arlee","2026-08-06",1
"Arlee","2026-08-07",1
"Arlee","2026-08-11",1
"Ashland","2026-08-06",7
"Ashland","2026-08-07",7
"Ashland","2026-08-11",7
"BILLINGS","2026-08-11",2
"BRUSETT","2026-08-06",2
"BRUSETT","2026-08-07",2
"BRUSETT","2026-08-11",2
"BUSBY","2026-08-06",6
"BUSBY","2026-08-07",6
"BUSBY","2026-08-11",6
"BUSBY, MT","2026-08-06",2
"BUSBY, MT","2026-08-07",2
"BUSBY, MT","2026-08-11",2
"BUTTE","2026-08-11",1
"Bainville","2026-08-06",3
"Bainville","2026-08-07",3
"Bainville","2026-08-11",3
"Belfry","2026-08-06",7
"Belfry","2026-08-07",7
"Belfry","2026-08-11",7
"Belgrade","2026-08-11",23
"Belt","2026-08-06",2
"Belt","2026-08-07",2
"Belt","2026-08-11",2
"Big Sandy","2026-08-06",7
"Big Sandy","2026-08-11",7
"Big Sandy Public Schools","2026-08-07",9
"Big Sandy Public Schools","2026-08-11",9
"Big Sky","2026-08-06",2
"Big Sky","2026-08-07",2
"Big Sky","2026-08-11",2
"Big Timber, MT","2026-08-06",3
"Big Timber, MT","2026-08-07",3
"Big Timber, MT","2026-08-11",3
"Big Timber- Between Bozeman and Billings","2026-08-11",2
"Bigfork","2026-08-06",3
"Bigfork","2026-08-07",3
"Bigfork","2026-08-11",3
"Billings","2026-08-11",17
"Billings - Billings Christian School","2026-08-11",5
"Billings Public Schools","2026-08-06",77
"Billings Public Schools","2026-08-07",77
"Billings Public Schools","2026-08-11",73
"Billings, Shepherd, Worden, Custer, Hysham","2026-08-11",1
"Billings-SD3","2026-08-11",3
"Bloomfield, MT","2026-08-06",1
"Bloomfield, MT","2026-08-07",1
"Bloomfield, MT","2026-08-11",1
"Boulder","2026-08-06",4
"Boulder","2026-08-07",4
"Boulder","2026-08-11",4
"Box Elder","2026-08-06",7
"Box Elder","2026-08-07",7
"Box Elder","2026-08-11",7
"Bozeman","2026-08-11",8
"Broadus","2026-08-06",5
"Broadus","2026-08-07",5
"Broadus","2026-08-11",5
"Broadview","2026-08-06",5
"Broadview","2026-08-07",5
"Broadview","2026-08-11",5
"Broadview, MT","2026-08-06",1
"Broadview, MT","2026-08-07",1
"Broadview, MT","2026-08-11",1
"Browning","2026-08-06",4
"Browning","2026-08-07",4
"Browning","2026-08-11",4
"Browning, MT","2026-08-06",2
"Browning, MT","2026-08-07",2
"Browning, MT","2026-08-11",2
"Butte","2026-08-11",1
"CARDWELL","2026-08-06",1
"CARDWELL","2026-08-07",1
"CARDWELL","2026-08-11",1
"CHOTEAU","2026-08-06",1
"CHOTEAU","2026-08-07",1
"CHOTEAU","2026-08-11",1
"CORVALLIS","2026-08-06",1
"CORVALLIS","2026-08-07",1
"CORVALLIS","2026-08-11",1
"Canyon Creek and Wolf Creek","2026-08-06",1
"Canyon Creek and Wolf Creek","2026-08-07",1
"Canyon Creek and Wolf Creek","2026-08-11",1
"Cascade","2026-08-06",3
"Cascade","2026-08-07",3
"Cascade","2026-08-11",3
"Charlo","2026-08-06",2
"Charlo","2026-08-07",2
"Charlo","2026-08-11",2
"Chester","2026-08-06",1
"Chester","2026-08-07",1
"Chester","2026-08-11",1
"Chester Montana","2026-08-06",1
"Chester Montana","2026-08-07",1
"Chester Montana","2026-08-11",1
"Chinook","2026-08-06",1
"Chinook","2026-08-07",1
"Chinook","2026-08-11",1
"Choteau","2026-08-06",3
"Choteau","2026-08-07",3
"Choteau","2026-08-11",3
"Circle","2026-08-06",2
"Circle","2026-08-07",2
"Circle","2026-08-11",2
"Clancy, MT","2026-08-06",3
"Clancy, MT","2026-08-07",3
"Clancy, MT","2026-08-11",3
"Clancy/Mt City","2026-08-06",1
"Clancy/Mt City","2026-08-07",1
"Clancy/Mt City","2026-08-11",1
"Clyde Park","2026-08-06",2
"Clyde Park","2026-08-07",2
"Clyde Park","2026-08-11",2
"Colstrip","2026-08-06",7
"Colstrip","2026-08-11",7
"Colstrip Public Schools","2026-08-07",19
"Colstrip Public Schools","2026-08-11",19
"Columbia Falls","2026-08-11",4
"Condon","2026-08-06",4
"Condon","2026-08-07",4
"Condon","2026-08-11",4
"Conrad","2026-08-06",5
"Conrad","2026-08-07",5
"Conrad","2026-08-11",5
"Corvallis","2026-08-06",2
"Corvallis","2026-08-07",2
"Corvallis","2026-08-11",2
"Custer","2026-08-06",5
"Custer","2026-08-07",5
"Custer","2026-08-11",5
"Cut Bank","2026-08-06",2
"Cut Bank","2026-08-07",2
"Cut Bank","2026-08-11",2
"Darby Montana","2026-08-06",1
"Darby Montana","2026-08-07",1
"Darby Montana","2026-08-11",1
"Deer Lodge","2026-08-06",2
"Deer Lodge","2026-08-07",2
"Deer Lodge","2026-08-11",2
"Dodson","2026-08-06",1
"Dodson","2026-08-07",1
"Dodson","2026-08-11",1
"Drummond","2026-08-06",5
"Drummond","2026-08-07",5
"Drummond","2026-08-11",5
"Dutton","2026-08-06",1
"Dutton","2026-08-07",1
"Dutton","2026-08-11",1
"East Helena","2026-08-11",7
"East Helena Public Schools","2026-08-06",12
"East Helena Public Schools","2026-08-07",12
"East Helena Public Schools","2026-08-11",11
"East of Kalispell","2026-08-11",1
"Ekalaka","2026-08-06",1
"Ekalaka","2026-08-07",1
"Ekalaka","2026-08-11",1
"Eureka","2026-08-06",1
"Eureka","2026-08-07",1
"Eureka","2026-08-11",1
"FAIRVIEW","2026-08-06",1
"FAIRVIEW","2026-08-11",1
"Fairfield","2026-08-06",1
"Fairfield","2026-08-07",1
"Fairfield, MT","2026-08-06",1
"Fairfield, MT","2026-08-07",1
"Fairfield, MT","2026-08-11",1
"Fairview","2026-08-06",4
"Fairview","2026-08-11",4
"Fairview Public Schools","2026-08-07",7
"Fairview Public Schools","2026-08-11",7
"Forsyth","2026-08-06",1
"Forsyth","2026-08-07",1
"Forsyth","2026-08-11",1
"Fortine","2026-08-06",1
"Fortine","2026-08-07",1
"Fortine","2026-08-11",1
"Frazer","2026-08-06",2
"Frazer","2026-08-07",2
"Frazer","2026-08-11",2
"Frazer, MT","2026-08-06",1
"Frazer, MT","2026-08-07",1
"Frazer, MT","2026-08-11",1
"Frenchtown","2026-08-06",5
"Frenchtown","2026-08-07",5
"Frenchtown","2026-08-11",5
"Froid MT","2026-08-06",1
"Froid MT","2026-08-07",1
"Froid MT","2026-08-11",1
"Fromberg","2026-08-06",5
"Fromberg","2026-08-07",5
"Fromberg","2026-08-11",5
"GILDFORD","2026-08-06",1
"GILDFORD","2026-08-07",1
"GREAT FALLS","2026-08-11",7
"Gallatin Gateway","2026-08-06",1
"Gallatin Gateway","2026-08-07",1
"Gallatin Gateway","2026-08-11",1
"Gardiner","2026-08-06",5
"Gardiner","2026-08-07",5
"Gardiner","2026-08-11",5
"Geraldine","2026-08-06",25
"Geraldine","2026-08-07",25
"Geraldine","2026-08-11",26
"Geyser","2026-08-06",1
"Geyser","2026-08-07",1
"Geyser","2026-08-11",1
"Geyser, Montana","2026-08-06",2
"Geyser, Montana","2026-08-07",2
"Geyser, Montana","2026-08-11",2
"Glendive","2026-08-06",6
"Glendive","2026-08-11",5
"Glendive Public Schools","2026-08-07",20
"Glendive Public Schools","2026-08-11",17
"Great Falls","2026-08-11",3
"Great Falls Public Schools","2026-08-06",46
"Great Falls Public Schools","2026-08-07",46
"Great Falls Public Schools","2026-08-11",44
"Hall","2026-08-06",2
"Hall","2026-08-07",2
"Hall","2026-08-11",2
"Hardin","2026-08-11",6
"Hardin Public Schools","2026-08-06",6
"Hardin Public Schools","2026-08-07",6
"Hardin Public Schools","2026-08-11",7
"Harlem","2026-08-06",2
"Harlem","2026-08-07",2
"Harlem","2026-08-11",2
"Harlowton District","2026-08-06",2
"Harlowton District","2026-08-07",2
"Harlowton District","2026-08-11",2
"Harrison","2026-08-06",3
"Harrison","2026-08-07",3
"Harrison","2026-08-11",3
"Havre","2026-08-11",8
"Havre Public Schools","2026-08-06",14
"Havre Public Schools","2026-08-07",14
"Havre Public Schools","2026-08-11",14
"Hays","2026-08-06",3
"Hays","2026-08-07",3
"Hays","2026-08-11",3
"Helena","2026-08-11",4
"Helena Public Schools","2026-08-06",34
"Helena Public Schools","2026-08-07",34
"Helena Public Schools","2026-08-11",33
"Helena, MT","2026-08-11",1
"Highwood","2026-08-06",1
"Highwood","2026-08-07",1
"Highwood","2026-08-11",1
"Hobson","2026-08-06",1
"Hobson","2026-08-07",1
"Hobson","2026-08-11",1
"Hot Springs","2026-08-06",5
"Hot Springs","2026-08-07",5
"Hot Springs","2026-08-11",5
"Hysham","2026-08-06",1
"Hysham","2026-08-07",1
"Hysham","2026-08-11",1
"Independent School - Billings","2026-08-11",1
"Jordan","2026-08-06",3
"Jordan","2026-08-07",3
"Jordan","2026-08-11",3
"Judith Gap","2026-08-06",6
"Judith Gap","2026-08-07",6
"Judith Gap","2026-08-11",6
"Kalispell","2026-08-11",30
"Kalispell Public Schools","2026-08-06",49
"Kalispell Public Schools","2026-08-07",49
"Kalispell Public Schools","2026-08-11",50
"LOLO","2026-08-06",1
"LOLO","2026-08-07",1
"LOLO","2026-08-11",1
"Lambert","2026-08-06",2
"Lambert","2026-08-07",2
"Lambert","2026-08-11",2
"Lame Deer","2026-08-06",4
"Lame Deer","2026-08-11",4
"Lame Deer Public Schools","2026-08-07",30
"Lame Deer Public Schools","2026-08-11",30
"Lame Deer, MT","2026-08-06",4
"Lame Deer, MT","2026-08-11",4
"Laurel","2026-08-11",7
"Laurel Public Schools","2026-08-06",21
"Laurel Public Schools","2026-08-07",22
"Laurel Public Schools","2026-08-11",21
"Lavina","2026-08-06",1
"Lavina","2026-08-07",1
"Lavina","2026-08-11",1
"Lewistown","2026-08-11",3
"Lewistown Public Schools","2026-08-06",10
"Lewistown Public Schools","2026-08-07",10
"Lewistown Public Schools","2026-08-11",10
"Libby","2026-08-06",4
"Libby","2026-08-07",4
"Libby","2026-08-11",4
"Lima","2026-08-06",6
"Lima","2026-08-07",6
"Lima","2026-08-11",6
"Lincoln, Montana","2026-08-06",1
"Lincoln, Montana","2026-08-07",1
"Lincoln, Montana","2026-08-11",1
"Lindsay","2026-08-06",1
"Lindsay","2026-08-07",1
"Livingston","2026-08-06",8
"Livingston","2026-08-07",8
"Livingston","2026-08-11",8
"Livingston Public Schools","2026-08-11",19
"Lockwood","2026-08-11",8
"Lockwood Schools","2026-08-06",16
"Lockwood Schools","2026-08-07",16
"Lockwood Schools","2026-08-11",16
"Lodge Grass","2026-08-06",9
"Lodge Grass","2026-08-07",9
"Lodge Grass","2026-08-11",9
"Lodge Grass Public Schools","2026-08-11",15
"Lodge Grass, MT","2026-08-06",1
"Lodge Grass, MT","2026-08-07",1
"Lodge Grass, MT","2026-08-11",1
"Lodge Grass, Montana","2026-08-06",1
"Lodge Grass, Montana","2026-08-07",1
"Lodge Grass, Montana","2026-08-11",1
"Loring Colony","2026-08-06",1
"Loring Colony","2026-08-07",1
"Loring Colony","2026-08-11",1
"Luther Montana","2026-08-06",1
"MELSTONE","2026-08-06",2
"MELSTONE","2026-08-07",2
"MELSTONE","2026-08-11",2
"MISSOULA","2026-08-11",2
"Malta","2026-08-06",3
"Malta","2026-08-07",3
"Malta","2026-08-11",3
"Malta, MT","2026-08-06",1
"Malta, MT","2026-08-07",1
"Malta, MT","2026-08-11",1
"Manhattan","2026-08-06",2
"Manhattan","2026-08-07",2
"Manhattan","2026-08-11",2
"McLeod","2026-08-06",1
"McLeod","2026-08-07",1
"McLeod","2026-08-11",1
"Medicine Lake","2026-08-06",1
"Medicine Lake","2026-08-07",1
"Medicine Lake","2026-08-11",1
"Melville","2026-08-06",1
"Melville","2026-08-07",1
"Melville","2026-08-11",1
"Miles City","2026-08-06",1
"Miles City","2026-08-07",1
"Miles City MT","2026-08-06",5
"Miles City MT","2026-08-07",5
"Miles City MT","2026-08-11",5
"Miles City, MT","2026-08-06",5
"Miles City, MT","2026-08-07",5
"Miles City, MT","2026-08-11",5
"Missoula","2026-08-11",20
"Missoula County Public Schools","2026-08-06",44
"Missoula County Public Schools","2026-08-07",44
"Missoula County Public Schools","2026-08-11",42
"Montana City","2026-08-06",2
"Montana City","2026-08-07",2
"Montana City","2026-08-11",3
"Moore","2026-08-06",2
"Moore","2026-08-07",2
"Moore","2026-08-11",2
"Mosby","2026-08-06",1
"Mosby","2026-08-07",1
"Mosby","2026-08-11",1
"Nashua","2026-08-06",4
"Nashua","2026-08-07",4
"Nashua","2026-08-11",4
"Northwest of Cut Bank, MT","2026-08-06",1
"Northwest of Cut Bank, MT","2026-08-07",1
"Northwest of Cut Bank, MT","2026-08-11",1
"Opheim","2026-08-06",2
"Opheim","2026-08-07",2
"Opheim","2026-08-11",2
"Park City","2026-08-06",2
"Park City","2026-08-07",2
"Park City","2026-08-11",1
"Philipsburg","2026-08-06",3
"Philipsburg","2026-08-07",3
"Philipsburg","2026-08-11",3
"Plentywood Public Schools","2026-08-11",4
"Plentywood, MT","2026-08-06",8
"Plentywood, MT","2026-08-07",8
"Plentywood, MT","2026-08-11",8
"Plevna, Montana","2026-08-06",3
"Plevna, Montana","2026-08-07",3
"Plevna, Montana","2026-08-11",3
"Polson","2026-08-11",1
"Poplar","2026-08-06",5
"Poplar","2026-08-11",5
"Poplar Public Schools","2026-08-07",11
"Poplar Public Schools","2026-08-11",11
"Power","2026-08-06",1
"Power","2026-08-07",1
"Power","2026-08-11",1
"Pray/Emigrant","2026-08-06",3
"Pray/Emigrant","2026-08-07",3
"Pray/Emigrant","2026-08-11",3
"Pryor","2026-08-06",1
"Pryor","2026-08-07",1
"Pryor","2026-08-11",1
"Pryor, MT","2026-08-06",1
"Pryor, MT","2026-08-07",1
"Pryor, MT","2026-08-11",1
"RICHEY","2026-08-06",3
"RICHEY","2026-08-07",3
"RICHEY","2026-08-11",3
"RUDYARD","2026-08-06",3
"RUDYARD","2026-08-07",3
"RUDYARD","2026-08-11",3
"Ramsay","2026-08-06",3
"Ramsay","2026-08-07",3
"Ramsay","2026-08-11",3
"Reed Point","2026-08-06",3
"Reed Point","2026-08-07",3
"Reed Point","2026-08-11",1
"Rocky Boy","2026-08-06",7
"Rocky Boy","2026-08-11",7
"Rocky Boy Agency","2026-08-06",1
"Rocky Boy Agency","2026-08-11",1
"Rocky Boy Public Schools","2026-08-07",28
"Rocky Boy Public Schools","2026-08-11",28
"Ronan","2026-08-06",10
"Ronan","2026-08-11",10
"Ronan Public Schools","2026-08-07",20
"Ronan Public Schools","2026-08-11",17
"Rosebud","2026-08-06",1
"Rosebud","2026-08-07",1
"Rosebud","2026-08-11",1
"Roundup","2026-08-06",2
"Roundup","2026-08-07",2
"Roundup","2026-08-11",2
"Roy, Montana","2026-08-06",3
"Roy, Montana","2026-08-07",3
"Roy, Montana","2026-08-11",3
"Rudyard/Gildford","2026-08-06",3
"Rudyard/Gildford","2026-08-07",3
"Rudyard/Gildford","2026-08-11",3
"Rural Havre","2026-08-11",1
"Ryegate","2026-08-06",1
"Ryegate","2026-08-07",1
"Ryegate","2026-08-11",1
"SCOBEY","2026-08-06",4
"SCOBEY","2026-08-07",4
"SCOBEY","2026-08-11",4
"Saint Ignatius","2026-08-06",1
"Saint Ignatius","2026-08-07",1
"Saint Ignatius","2026-08-11",1
"Saint Ignatius- Salish Teacher","2026-08-06",1
"Saint Ignatius- Salish Teacher","2026-08-07",1
"Saint Ignatius- Salish Teacher","2026-08-11",1
"Sand Coulee","2026-08-06",2
"Sand Coulee","2026-08-07",2
"Sand Coulee","2026-08-11",2
"Savage","2026-08-06",1
"Savage","2026-08-07",1
"Savage","2026-08-11",1
"Scobey","2026-08-06",16
"Scobey","2026-08-07",16
"Scobey","2026-08-11",16
"Seeley Lake","2026-08-06",3
"Seeley Lake","2026-08-07",3
"Seeley Lake","2026-08-11",3
"Shelby","2026-08-06",2
"Shelby","2026-08-07",2
"Shelby","2026-08-11",2
"Shepherd","2026-08-06",5
"Shepherd","2026-08-07",5
"Shepherd","2026-08-11",5
"Shepherd MT","2026-08-06",1
"Shepherd MT","2026-08-07",1
"Shepherd MT","2026-08-11",1
"Sheridan, MT","2026-08-06",4
"Sheridan, MT","2026-08-07",4
"Sheridan, MT","2026-08-11",4
"Sidney","2026-08-06",5
"Sidney","2026-08-11",5
"Sidney Public Schools","2026-08-07",9
"Sidney Public Schools","2026-08-11",9
"Simms","2026-08-06",1
"Simms","2026-08-07",1
"Simms","2026-08-11",1
"St. Ignatius - 40 miles North of Missoula!","2026-08-11",4
"Stanford, MT","2026-08-06",2
"Stanford, MT","2026-08-07",1
"Stanford, MT","2026-08-11",1
"Stevensville","2026-08-06",8
"Stevensville","2026-08-11",11
"Stevensville Public Schools","2026-08-07",18
"Stevensville Public Schools","2026-08-11",19
"Sunburst","2026-08-06",3
"Sunburst","2026-08-07",3
"Sunburst","2026-08-11",3
"Superior Montana","2026-08-06",1
"Superior Montana","2026-08-07",1
"Superior Montana","2026-08-11",1
"Superior, Montana","2026-08-06",1
"Superior, Montana","2026-08-07",1
"Superior, Montana","2026-08-11",1
"Swan River in Bigfork","2026-08-06",1
"Swan River in Bigfork","2026-08-07",1
"Swan River in Bigfork","2026-08-11",1
"Terry","2026-08-06",1
"Terry","2026-08-07",1
"Terry","2026-08-11",1
"Thompson Falls","2026-08-06",2
"Thompson Falls","2026-08-07",2
"Thompson Falls","2026-08-11",2
"Three Forks","2026-08-06",3
"Three Forks","2026-08-07",3
"Three Forks","2026-08-11",3
"Townsend","2026-08-06",2
"Townsend","2026-08-07",2
"Townsend","2026-08-11",2
"Townsend, MT","2026-08-06",1
"Townsend, MT","2026-08-07",1
"Townsend, MT","2026-08-11",1
"Trego, MT","2026-08-06",1
"Trego, MT","2026-08-07",1
"Trego, MT","2026-08-11",1
"Trout Creek","2026-08-06",2
"Trout Creek","2026-08-07",2
"Trout Creek","2026-08-11",2
"Troy","2026-08-06",1
"Troy","2026-08-07",1
"Troy","2026-08-11",1
"Turner","2026-08-06",1
"Turner","2026-08-07",1
"Turner","2026-08-11",1
"Ulm","2026-08-06",1
"Ulm","2026-08-07",1
"Ulm","2026-08-11",1
"Valley View/Polson","2026-08-11",1
"Vida","2026-08-06",3
"Vida","2026-08-07",3
"Vida","2026-08-11",3
"WIBAUX","2026-08-06",1
"WIBAUX","2026-08-07",1
"WIBAUX","2026-08-11",1
"WYOLA","2026-08-06",1
"WYOLA","2026-08-07",1
"WYOLA","2026-08-11",1
"Westby","2026-08-06",6
"Westby","2026-08-07",6
"Westby","2026-08-11",6
"White Sulphur Springs","2026-08-06",2
"White Sulphur Springs","2026-08-07",2
"White Sulphur Springs","2026-08-11",2
"Whitefish","2026-08-11",3
"Whitefish School District","2026-08-06",13
"Whitefish School District","2026-08-07",13
"Whitefish School District","2026-08-11",13
"Whitewater","2026-08-06",1
"Whitewater","2026-08-07",1
"Whitewater","2026-08-11",1
"Wibaux","2026-08-06",4
"Wibaux","2026-08-07",4
"Wibaux","2026-08-11",4
"Wilsall","2026-08-06",2
"Wilsall","2026-08-07",2
"Wilsall","2026-08-11",2
"Winifred, MT","2026-08-06",2
"Winifred, MT","2026-08-07",2
"Winifred, MT","2026-08-11",2
"Wolf Creek, MT (Helena)","2026-08-11",1
"Wolf Point","2026-08-06",10
"Wolf Point","2026-08-07",10
"Wolf Point","2026-08-11",10
"Wolf Point Public Schools","2026-08-11",19
"Wolf Point, MT","2026-08-06",1
"Wolf Point, MT","2026-08-07",1
"Wolf Point, MT","2026-08-11",1
"Wolf Point, Montana","2026-08-06",1
"Wolf Point, Montana","2026-08-07",1
"Wolf Point, Montana","2026-08-11",1
"Wyola","2026-08-06",2
"Wyola","2026-08-07",2
"Wyola","2026-08-11",2
"Yaak, Montana","2026-08-06",1
"Yaak, Montana","2026-08-07",1
"4 miles north of Harlem","2026-08-18",1
"5 miles West of Stanford","2026-08-18",1
"841 Bear Canyon Road","2026-08-18",1
"Absarokee","2026-08-18",4
"Anaconda","2026-08-18",3
"Arlee","2026-08-18",1
"Ashland","2026-08-18",6
"BILLINGS","2026-08-18",2
"BRUSETT","2026-08-18",2
"BUSBY","2026-08-18",6
"BUSBY, MT","2026-08-18",2
"BUTTE","2026-08-18",1
"Bainville","2026-08-18",3
"Belfry","2026-08-18",7
"Belgrade","2026-08-18",23
"Belt","2026-08-18",2
"Big Sandy","2026-08-18",7
"Big Sandy Public Schools","2026-08-18",9
"Big Sky","2026-08-18",2
"Big Timber","2026-08-18",1
"Big Timber, MT","2026-08-18",3
"Big Timber- Between Bozeman and Billings","2026-08-18",2
"Bigfork","2026-08-18",3
"Billings","2026-08-18",15
"Billings - Billings Christian School","2026-08-18",5
"Billings Public Schools","2026-08-18",75
"Billings, Shepherd, Worden, Custer, Hysham","2026-08-18",1
"Billings-SD3","2026-08-18",3
"Boulder","2026-08-18",4
"Box Elder","2026-08-18",7
"Bozeman","2026-08-18",7
"Broadus","2026-08-18",4
"Broadview","2026-08-18",5
"Broadview, MT","2026-08-18",1
"Browning","2026-08-18",4
"Browning Public Schools","2026-08-18",10
"Browning, MT","2026-08-18",2
"Butte","2026-08-18",1
"CARDWELL","2026-08-18",1
"CHOTEAU","2026-08-18",1
"CORVALLIS","2026-08-18",1
"Canyon Creek (Helena)","2026-08-18",1
"Cascade","2026-08-18",3
"Charlo","2026-08-18",3
"Chester","2026-08-18",1
"Chester Montana","2026-08-18",1
"Chinook","2026-08-18",1
"Choteau","2026-08-18",2
"Circle","2026-08-18",2
"Clancy, MT","2026-08-18",3
"Clancy/Mt City","2026-08-18",1
"Clyde Park","2026-08-18",2
"Colstrip","2026-08-18",6
"Colstrip Public Schools","2026-08-18",19
"Columbia Falls","2026-08-18",4
"Columbus","2026-08-18",1
"Condon","2026-08-18",4
"Conrad","2026-08-18",5
"Corvallis","2026-08-18",2
"Custer","2026-08-18",5
"Cut Bank","2026-08-18",2
"Darby Montana","2026-08-18",1
"Deer Lodge","2026-08-18",2
"Dodson","2026-08-18",1
"Drummond","2026-08-18",5
"Dutton","2026-08-18",1
"East Helena","2026-08-18",7
"East Helena Public Schools","2026-08-18",10
"East of Kalispell","2026-08-18",1
"Ekalaka","2026-08-18",1
"Eureka","2026-08-18",1
"FAIRVIEW","2026-08-18",1
"Fairfield, MT","2026-08-18",1
"Fairview","2026-08-18",4
"Fairview Public Schools","2026-08-18",4
"Forsyth","2026-08-18",1
"Fortine","2026-08-18",1
"Frazer","2026-08-18",2
"Frazer, MT","2026-08-18",1
"Frenchtown","2026-08-18",4
"Froid MT","2026-08-18",1
"Fromberg","2026-08-18",5
"GREAT FALLS","2026-08-18",7
"Gallatin Gateway","2026-08-18",1
"Gardiner","2026-08-18",4
"Geraldine","2026-08-18",26
"Geyser","2026-08-18",1
"Geyser, Montana","2026-08-18",2
"Glendive","2026-08-18",5
"Glendive Public Schools","2026-08-18",17
"Great Falls","2026-08-18",3
"Great Falls Public Schools","2026-08-18",45
"Hall","2026-08-18",2
"Hardin Public Schools","2026-08-18",7
"Harlem","2026-08-18",2
"Harlowton District","2026-08-18",2
"Harrison","2026-08-18",3
"Havre","2026-08-18",8
"Havre Public Schools","2026-08-18",13
"Hays","2026-08-18",1
"Helena","2026-08-18",4
"Helena Public Schools","2026-08-18",35
"Helena, MT","2026-08-18",1
"Highwood","2026-08-18",1
"Hobson","2026-08-18",1
"Hot Springs","2026-08-18",5
"Hysham","2026-08-18",1
"Independent School - Billings","2026-08-18",1
"Joliet","2026-08-18",1
"Judith Gap","2026-08-18",6
"Kalispell","2026-08-18",19
"Kalispell Public Schools","2026-08-18",53
"LOLO","2026-08-18",1
"Lambert","2026-08-18",3
"Lame Deer","2026-08-18",4
"Lame Deer Public Schools","2026-08-18",30
"Lame Deer, MT","2026-08-18",4
"Laurel","2026-08-18",5
"Laurel Public Schools","2026-08-18",21
"Lavina","2026-08-18",1
"Lewistown","2026-08-18",3
"Lewistown Public Schools","2026-08-18",10
"Libby","2026-08-18",4
"Libby Public Schools","2026-08-18",20
"Lima","2026-08-18",6
"Lincoln, Montana","2026-08-18",1
"Livingston","2026-08-18",8
"Livingston Public Schools","2026-08-18",18
"Lockwood","2026-08-18",8
"Lockwood Schools","2026-08-18",15
"Lodge Grass","2026-08-18",8
"Lodge Grass Public Schools","2026-08-18",15
"Lodge Grass, MT","2026-08-18",1
"Lodge Grass, Montana","2026-08-18",1
"Loring Colony","2026-08-18",1
"MELSTONE","2026-08-18",2
"MISSOULA","2026-08-18",2
"Malta","2026-08-18",3
"Malta, MT","2026-08-18",1
"Manhattan","2026-08-18",2
"Manhattan (Amsterdam)","2026-08-18",1
"McLeod","2026-08-18",1
"Medicine Lake","2026-08-18",1
"Melville","2026-08-18",1
"Miles City MT","2026-08-18",6
"Miles City, MT","2026-08-18",5
"Missoula","2026-08-18",17
"Missoula County Public Schools","2026-08-18",34
"Montana City","2026-08-18",3
"Moore","2026-08-18",3
"Mosby","2026-08-18",1
"Nashua","2026-08-18",3
"Northwest of Cut Bank, MT","2026-08-18",1
"Opheim","2026-08-18",2
"Park City","2026-08-18",1
"Philipsburg","2026-08-18",3
"Plentywood Public Schools","2026-08-18",4
"Plentywood, MT","2026-08-18",4
"Plevna, Montana","2026-08-18",3
"Polson","2026-08-18",1
"Poplar","2026-08-18",5
"Poplar Public Schools","2026-08-18",11
"Power","2026-08-18",1
"Pray/Emigrant","2026-08-18",3
"Pryor","2026-08-18",1
"Pryor, MT","2026-08-18",1
"RICHEY","2026-08-18",3
"RUDYARD","2026-08-18",3
"Ramsay","2026-08-18",3
"Reed Point","2026-08-18",1
"Rocky Boy","2026-08-18",7
"Rocky Boy Agency","2026-08-18",1
"Rocky Boy Public Schools","2026-08-18",28
"Ronan","2026-08-18",11
"Ronan Public Schools","2026-08-18",18
"Rosebud","2026-08-18",1
"Roundup","2026-08-18",1
"Roy, Montana","2026-08-18",3
"Rudyard/Gildford","2026-08-18",3
"Rural Havre","2026-08-18",1
"Ryegate","2026-08-18",1
"SCOBEY","2026-08-18",4
"Saint Ignatius","2026-08-18",1
"Saint Ignatius- Salish Teacher","2026-08-18",1
"Sand Coulee","2026-08-18",2
"Scobey","2026-08-18",16
"Seeley Lake","2026-08-18",3
"Shelby","2026-08-18",2
"Shepherd","2026-08-18",4
"Shepherd MT","2026-08-18",1
"Sheridan, MT","2026-08-18",4
"Sidney","2026-08-18",5
"Sidney Public Schools","2026-08-18",7
"Simms","2026-08-18",1
"St. Ignatius - 40 miles North of Missoula!","2026-08-18",4
"Stevensville","2026-08-18",10
"Stevensville Public Schools","2026-08-18",19
"Sunburst","2026-08-18",3
"Superior Montana","2026-08-18",1
"Superior, Montana","2026-08-18",1
"Swan River in Bigfork","2026-08-18",1
"Terry","2026-08-18",1
"Thompson Falls","2026-08-18",2
"Three Forks","2026-08-18",3
"Townsend","2026-08-18",2
"Townsend, MT","2026-08-18",1
"Trego, MT","2026-08-18",1
"Trout Creek","2026-08-18",2
"Troy","2026-08-18",1
"Turner","2026-08-18",1
"Ulm","2026-08-18",1
"Valley View/Polson","2026-08-18",1
"Vida","2026-08-18",3
"WIBAUX","2026-08-18",1
"WYOLA","2026-08-18",1
"Westby","2026-08-18",6
"White Sulphur Springs","2026-08-18",2
"Whitefish","2026-08-18",3
"Whitefish School District","2026-08-18",13
"Whitewater","2026-08-18",1
"Wibaux","2026-08-18",4
"Wilsall","2026-08-18",2
"Winifred, MT","2026-08-18",2
"Wolf Point","2026-08-18",10
"Wolf Point Public Schools","2026-08-18",19
"Wolf Point, MT","2026-08-18",1
"Wolf Point, Montana","2026-08-18",1
"Wyola","2026-08-18",1
"4 miles north of Harlem","2026-08-25",1
"5 miles West of Stanford","2026-08-25",1
"841 Bear Canyon Road","2026-08-25",1
"Absarokee","2026-08-25",4
"Anaconda","2026-08-25",3
"Anaconda School District #10","2026-08-25",7
"Arlee","2026-08-25",3
"Ashland","2026-08-25",6
"Augusta School District #45","2026-08-25",3
"BILLINGS","2026-08-25",2
"BRUSETT","2026-08-25",2
"BUSBY","2026-08-25",6
"BUSBY, MT","2026-08-25",2
"BUTTE","2026-08-25",1
"Bainville","2026-08-25",3
"Baker Public Schools","2026-08-25",3
"Belfry","2026-08-25",7
"Belgrade","2026-08-25",23
"Belt","2026-08-25",2
"Big Sandy","2026-08-25",7
"Big Sandy Public Schools","2026-08-25",9
"Big Sky","2026-08-25",2
"Big Timber","2026-08-25",1
"Big Timber, MT","2026-08-25",3
"Big Timber- Between Bozeman and Billings","2026-08-25",2
"Bigfork","2026-08-25",3
"Bigfork School District 38","2026-08-25",10
"Billings","2026-08-25",11
"Billings - Billings Christian School","2026-08-25",5
"Billings Public Schools","2026-08-25",64
"Billings, Shepherd, Worden, Custer, Hysham","2026-08-25",1
"Billings-SD3","2026-08-25",3
"Boulder","2026-08-25",4
"Box Elder","2026-08-25",7
"Bozeman","2026-08-25",8
"Bridger School District 2","2026-08-25",7
"Broadus","2026-08-25",4
"Broadview","2026-08-25",5
"Broadview School District","2026-08-25",7
"Broadview, MT","2026-08-25",1
"Brockton School District","2026-08-25",2
"Browning","2026-08-25",4
"Browning Public Schools","2026-08-25",9
"Browning, MT","2026-08-25",2
"Butte","2026-08-25",1
"CARDWELL","2026-08-25",1
"CHOTEAU","2026-08-25",1
"CORVALLIS","2026-08-25",1
"Cascade","2026-08-25",3
"Cascade Public Schools","2026-08-25",14
"Charlo","2026-08-25",3
"Chester","2026-08-25",1
"Chester Montana","2026-08-25",1
"Chinook","2026-08-25",1
"Choteau","2026-08-25",2
"Circle","2026-08-25",2
"Clancy, MT","2026-08-25",3
"Clancy/Mt City","2026-08-25",1
"Clinton School District #32","2026-08-25",2
"Clyde Park","2026-08-25",2
"Colstrip","2026-08-25",6
"Colstrip Public Schools","2026-08-25",19
"Columbus","2026-08-25",1
"Condon","2026-08-25",4
"Conrad","2026-08-25",5
"Corvallis","2026-08-25",2
"Corvallis School District #1","2026-08-25",25
"Creston School District","2026-08-25",1
"Culbertson School District 17-C","2026-08-25",2
"Custer","2026-08-25",5
"Custer Public Schools","2026-08-25",6
"Cut Bank","2026-08-25",2
"Cut Bank School District #15","2026-08-25",5
"Darby Montana","2026-08-25",1
"Deer Lodge","2026-08-25",2
"Dixon School District #9","2026-08-25",3
"Dodson","2026-08-25",1
"Drummond","2026-08-25",5
"Dutton","2026-08-25",1
"East Helena","2026-08-25",5
"East Helena Public Schools","2026-08-25",10
"East of Kalispell","2026-08-25",1
"Ekalaka","2026-08-25",1
"Ekalaka Public Schools","2026-08-25",7
"Elysian School District #23","2026-08-25",1
"Eureka","2026-08-25",1
"FAIRVIEW","2026-08-25",1
"Fair-Mont-Egan Schools","2026-08-25",2
"Fairfield, MT","2026-08-25",1
"Fairview","2026-08-25",4
"Fairview Public Schools","2026-08-25",4
"Florence","2026-08-25",1
"Forsyth","2026-08-25",1
"Fort Benton School District 1","2026-08-25",1
"Fortine","2026-08-25",1
"Frazer","2026-08-25",2
"Frazer, MT","2026-08-25",1
"Froid MT","2026-08-25",1
"Fromberg","2026-08-25",5
"GREAT FALLS","2026-08-25",7
"Gallatin Gateway","2026-08-25",1
"Gallatin Gateway School","2026-08-25",3
"Gardiner","2026-08-25",4
"Geraldine","2026-08-25",26
"Geyser","2026-08-25",1
"Geyser, Montana","2026-08-25",2
"Glasgow School District 1-A","2026-08-25",7
"Glendive","2026-08-25",5
"Glendive Public Schools","2026-08-25",17
"Great Falls","2026-08-25",3
"Great Falls Public Schools","2026-08-25",44
"Hall","2026-08-25",2
"Hardin Public Schools","2026-08-25",7
"Harlem","2026-08-25",2
"Harlowton District","2026-08-25",1
"Havre","2026-08-25",8
"Havre Public Schools","2026-08-25",14
"Hays","2026-08-25",1
"Helena","2026-08-25",4
"Helena Public Schools","2026-08-25",33
"Helena, MT","2026-08-25",1
"Highwood","2026-08-25",1
"Hobson","2026-08-25",1
"Hobson Public School","2026-08-25",3
"Hot Springs","2026-08-25",5
"Hysham","2026-08-25",1
"Hysham Public Schools","2026-08-25",2
"Independent School","2026-08-25",3
"Independent School - Billings","2026-08-25",1
"Joliet","2026-08-25",1
"Jordan","2026-08-25",1
"Judith Gap","2026-08-25",6
"Kalispell","2026-08-25",17
"Kalispell Public Schools","2026-08-25",52
"LOLO","2026-08-25",1
"Lambert","2026-08-25",3
"Lame Deer","2026-08-25",5
"Lame Deer Public Schools","2026-08-25",30
"Lame Deer, MT","2026-08-25",4
"Laurel","2026-08-25",4
"Laurel Public Schools","2026-08-25",24
"Lavina","2026-08-25",1
"Lewistown","2026-08-25",2
"Lewistown Public Schools","2026-08-25",10
"Libby","2026-08-25",4
"Libby Public Schools","2026-08-25",20
"Lima","2026-08-25",6
"Lincoln School District #38","2026-08-25",1
"Lincoln, Montana","2026-08-25",1
"Livingston","2026-08-25",8
"Livingston Public Schools","2026-08-25",18
"Lockwood","2026-08-25",8
"Lockwood Schools","2026-08-25",15
"Lodge Grass","2026-08-25",8
"Lodge Grass Public Schools","2026-08-25",15
"Lodge Grass, MT","2026-08-25",1
"Lodge Grass, Montana","2026-08-25",1
"Loring Colony","2026-08-25",1
"Lustre District 23","2026-08-25",3
"Luther Montana","2026-08-25",1
"MELSTONE","2026-08-25",2
"MISSOULA","2026-08-25",2
"Malta","2026-08-25",3
"Malta, MT","2026-08-25",1
"Manhattan","2026-08-25",2
"Manhattan (Amsterdam)","2026-08-25",1
"McLeod","2026-08-25",1
"Medicine Lake","2026-08-25",1
"Melville","2026-08-25",1
"Miami Elementary School District #31","2026-08-25",1
"Miles City MT","2026-08-25",6
"Miles City Unified School District 1","2026-08-25",20
"Miles City, MT","2026-08-25",5
"Missoula","2026-08-25",17
"Missoula County Public Schools","2026-08-25",38
"Montana City","2026-08-25",3
"Moore","2026-08-25",3
"Mosby","2026-08-25",1
"Nashua","2026-08-25",3
"North Star Public Schools","2026-08-25",2
"Northwest of Cut Bank, MT","2026-08-25",1
"Opheim","2026-08-25",1
"Park City","2026-08-25",1
"Philipsburg","2026-08-25",1
"Philipsburg School District","2026-08-25",6
"Plentywood, MT","2026-08-25",4
"Plevna, Montana","2026-08-25",3
"Polson","2026-08-25",1
"Poplar","2026-08-25",5
"Poplar Public Schools","2026-08-25",11
"Pray/Emigrant","2026-08-25",3
"Pryor","2026-08-25",1
"Pryor, MT","2026-08-25",1
"RICHEY","2026-08-25",3
"RUDYARD","2026-08-25",3
"Ramsay","2026-08-25",3
"Ramsay School District #3","2026-08-25",2
"Red Lodge School District 1","2026-08-25",4
"Reed Point","2026-08-25",1
"Reed Point School District","2026-08-25",2
"Roberts Public School","2026-08-25",3
"Rocky Boy","2026-08-25",7
"Rocky Boy Agency","2026-08-25",1
"Rocky Boy Public Schools","2026-08-25",18
"Ronan","2026-08-25",11
"Ronan Public Schools","2026-08-25",16
"Rosebud","2026-08-25",1
"Roundup","2026-08-25",1
"Roy School District 74","2026-08-25",3
"Rudyard/Gildford","2026-08-25",3
"Rural Havre","2026-08-25",1
"Ryegate","2026-08-25",1
"SCOBEY","2026-08-25",4
"Saint Ignatius","2026-08-25",1
"Saint Ignatius- Salish Teacher","2026-08-25",1
"Sand Coulee","2026-08-25",2
"Scobey","2026-08-25",16
"Scobey Schools","2026-08-25",13
"Seeley Lake","2026-08-25",3
"Shelby","2026-08-25",2
"Shepherd","2026-08-25",4
"Shepherd MT","2026-08-25",1
"Shepherd School District #37","2026-08-25",1
"Sheridan, MT","2026-08-25",4
"Shields Valley Public Schools","2026-08-25",4
"Sidney","2026-08-25",5
"Sidney Public Schools","2026-08-25",7
"Simms","2026-08-25",1
"St. Ignatius - 40 miles North of Missoula!","2026-08-25",2
"Stevensville","2026-08-25",9
"Stevensville Public Schools","2026-08-25",14
"Sunburst","2026-08-25",3
"Superior Montana","2026-08-25",1
"Superior, Montana","2026-08-25",1
"Swan River School District #4","2026-08-25",5
"Swan River in Bigfork","2026-08-25",1
"Target Range School District","2026-08-25",6
"Ten minutes from Missoula","2026-08-25",1
"Terry","2026-08-25",1
"Terry Public Schools","2026-08-25",14
"Thompson Falls","2026-08-25",2
"Thompson Falls Public Schools","2026-08-25",5
"Three Forks","2026-08-25",3
"Three Forks Public Schools","2026-08-25",9
"Townsend","2026-08-25",2
"Townsend, MT","2026-08-25",1
"Trego School District 53","2026-08-25",2
"Trego, MT","2026-08-25",1
"Trout Creek","2026-08-25",2
"Troy","2026-08-25",1
"Turner Public Schools","2026-08-25",3
"Ulm","2026-08-25",1
"Upper West Shore School District #33","2026-08-25",2
"Valier School District #18","2026-08-25",1
"Valley View/Polson","2026-08-25",1
"Vida","2026-08-25",3
"WIBAUX","2026-08-25",1
"WYOLA","2026-08-25",1
"Westby","2026-08-25",6
"White Sulphur Springs","2026-08-25",2
"Whitefish","2026-08-25",3
"Whitefish School District","2026-08-25",13
"Whitewater","2026-08-25",1
"Wibaux","2026-08-25",4
"Wilsall","2026-08-25",2
"Winifred, MT","2026-08-25",2
"Winnett Public Schools","2026-08-25",4
"Wolf Point","2026-08-25",10
"Wolf Point, MT","2026-08-25",1
"Wolf Point, Montana","2026-08-25",1
"Wyola","2026-08-25",1
"4 miles north of Harlem","2026-09-01",1
"5 miles West of Stanford","2026-09-01",1
"841 Bear Canyon Road","2026-09-01",1
"Absarokee","2026-09-01",4
"Alberton School District","2026-09-01",2
"Anaconda","2026-09-01",1
"Anaconda School District #10","2026-09-01",7
"Arlee","2026-09-01",3
"Arlee Joint School District","2026-09-01",8
"Ashland","2026-09-01",6
"Augusta School District #45","2026-09-01",3
"BILLINGS","2026-09-01",2
"BRUSETT","2026-09-01",2
"BUSBY","2026-09-01",6
"BUSBY, MT","2026-09-01",2
"BUTTE","2026-09-01",1
"Bainville","2026-09-01",3
"Baker Public Schools","2026-09-01",3
"Belfry","2026-09-01",6
"Belgrade","2026-09-01",23
"Belt","2026-09-01",2
"Belt Public Schools","2026-09-01",3
"Big Sandy","2026-09-01",7
"Big Sandy Public Schools","2026-09-01",9
"Big Sky","2026-09-01",2
"Big Sky School District 72","2026-09-01",4
"Big Timber","2026-09-01",1
"Big Timber, MT","2026-09-01",3
"Big Timber- Between Bozeman and Billings","2026-09-01",2
"Bigfork","2026-09-01",3
"Bigfork School District 38","2026-09-01",10
"Billings","2026-09-01",11
"Billings - Billings Christian School","2026-09-01",5
"Billings Public Schools","2026-09-01",70
"Billings, Shepherd, Worden, Custer, Hysham","2026-09-01",1
"Billings-SD3","2026-09-01",3
"Bonner School District #14","2026-09-01",1
"Boulder","2026-09-01",4
"Box Elder","2026-09-01",7
"Bozeman","2026-09-01",8
"Bozeman Area","2026-09-01",1
"Bridger School District 2","2026-09-01",5
"Broadus","2026-09-01",1
"Broadview","2026-09-01",5
"Broadview School District","2026-09-01",7
"Broadview, MT","2026-09-01",1
"Brockton School District","2026-09-01",2
"Browning","2026-09-01",4
"Browning Public Schools","2026-09-01",9
"Browning, MT","2026-09-01",2
"Butte","2026-09-01",1
"CARDWELL","2026-09-01",1
"CHOTEAU","2026-09-01",1
"CORVALLIS","2026-09-01",1
"Cascade","2026-09-01",3
"Cascade Public Schools","2026-09-01",14
"Centerville Public Schools","2026-09-01",4
"Charlo","2026-09-01",3
"Chester","2026-09-01",1
"Chester Montana","2026-09-01",1
"Chinook","2026-09-01",1
"Chinook Public Schools","2026-09-01",7
"Choteau","2026-09-01",2
"Choteau School District","2026-09-01",5
"Circle","2026-09-01",2
"Clancy, MT","2026-09-01",3
"Clancy/Mt City","2026-09-01",1
"Clinton School District #32","2026-09-01",1
"Clyde Park","2026-09-01",2
"Colstrip","2026-09-01",6
"Colstrip Public Schools","2026-09-01",19
"Columbus","2026-09-01",1
"Columbus Public Schools","2026-09-01",2
"Condon","2026-09-01",1
"Conrad","2026-09-01",5
"Conrad Public Schools","2026-09-01",2
"Corvallis","2026-09-01",2
"Corvallis School District #1","2026-09-01",22
"Creston School District","2026-09-01",1
"Culbertson School District 17-C","2026-09-01",2
"Custer","2026-09-01",5
"Cut Bank","2026-09-01",2
"Cut Bank School District #15","2026-09-01",5
"Darby Montana","2026-09-01",1
"Darby School District 9","2026-09-01",6
"Deer Lodge","2026-09-01",2
"Deer Lodge School District #1","2026-09-01",4
"Deer Park School District","2026-09-01",1
"Dillon School District 10","2026-09-01",3
"Dixon School District #9","2026-09-01",3
"Dodson","2026-09-01",1
"Drummond","2026-09-01",5
"Drummond Public Schools","2026-09-01",8
"Dutton","2026-09-01",1
"Dutton/Brady Public School District","2026-09-01",2
"East Helena","2026-09-01",3
"East Helena Public Schools","2026-09-01",9
"East of Kalispell","2026-09-01",1
"Ekalaka","2026-09-01",1
"Ekalaka Public Schools","2026-09-01",7
"Elysian School District #23","2026-09-01",1
"Ennis Schools","2026-09-01",5
"Eureka","2026-09-01",1
"Evergreen School District #50","2026-09-01",3
"FAIRVIEW","2026-09-01",1
"Fair-Mont-Egan Schools","2026-09-01",3
"Fairfield, MT","2026-09-01",1
"Fairview","2026-09-01",4
"Fairview Public Schools","2026-09-01",4
"Florence","2026-09-01",1
"Florence-Carlton School District 15-6","2026-09-01",9
"Forsyth","2026-09-01",1
"Fort Benton School District 1","2026-09-01",1
"Fortine","2026-09-01",1
"Frazer","2026-09-01",2
"Frazer, MT","2026-09-01",1
"Froid MT","2026-09-01",1
"Froid Public Schools","2026-09-01",3
"Fromberg","2026-09-01",5
"GREAT FALLS","2026-09-01",7
"Gallatin Gateway","2026-09-01",1
"Gallatin Gateway School","2026-09-01",3
"Gardiner","2026-09-01",4
"Gardiner Public Schools","2026-09-01",5
"Geraldine","2026-09-01",25
"Geyser","2026-09-01",1
"Geyser Public Schools","2026-09-01",1
"Geyser, Montana","2026-09-01",2
"Glasgow School District 1-A","2026-09-01",6
"Glendive","2026-09-01",6
"Glendive Public Schools","2026-09-01",17
"Great Falls","2026-09-01",3
"Great Falls Public Schools","2026-09-01",42
"Hardin Public Schools","2026-09-01",2
"Harlem","2026-09-01",2
"Harlowton District","2026-09-01",1
"Harrison","2026-09-01",1
"Havre","2026-09-01",8
"Havre Public Schools","2026-09-01",14
"Hays","2026-09-01",1
"Hays-Lodge Pole School District","2026-09-01",5
"Helena","2026-09-01",4
"Helena Public Schools","2026-09-01",31
"Helena, MT","2026-09-01",1
"Highwood","2026-09-01",1
"Hinsdale Public Schools","2026-09-01",3
"Hobson","2026-09-01",1
"Hobson Public School","2026-09-01",3
"Hot Springs","2026-09-01",5
"Huntley Project School District","2026-09-01",5
"Hysham","2026-09-01",1
"Hysham Public Schools","2026-09-01",2
"Independent School","2026-09-01",1
"Independent School - Billings","2026-09-01",1
"Jordan","2026-09-01",1
"Judith Gap","2026-09-01",6
"Kalispell","2026-09-01",17
"Kalispell Public Schools","2026-09-01",49
"LOLO","2026-09-01",1
"Lambert","2026-09-01",3
"Lame Deer","2026-09-01",6
"Lame Deer Public Schools","2026-09-01",30
"Lame Deer, MT","2026-09-01",4
"Laurel","2026-09-01",3
"Laurel Public Schools","2026-09-01",23
"Lavina","2026-09-01",1
"Lewistown","2026-09-01",2
"Lewistown Public Schools","2026-09-01",8
"Libby","2026-09-01",4
"Libby Public Schools","2026-09-01",19
"Lima","2026-09-01",6
"Lincoln School District #38","2026-09-01",1
"Lincoln, Montana","2026-09-01",1
"Livingston","2026-09-01",8
"Livingston Public Schools","2026-09-01",18
"Lockwood","2026-09-01",8
"Lockwood Schools","2026-09-01",14
"Lodge Grass","2026-09-01",8
"Lodge Grass Public Schools","2026-09-01",15
"Lodge Grass, Montana","2026-09-01",1
"Lolo School District 7","2026-09-01",4
"Lone Rock School District","2026-09-01",1
"Loring Colony","2026-09-01",1
"Lustre District 23","2026-09-01",3
"Luther Montana","2026-09-01",1
"MELSTONE","2026-09-01",2
"MISSOULA","2026-09-01",2
"Malta","2026-09-01",3
"Malta Public Schools","2026-09-01",11
"Malta, MT","2026-09-01",1
"Manhattan","2026-09-01",2
"Manhattan (Amsterdam)","2026-09-01",1
"McLeod","2026-09-01",1
"Medicine Lake","2026-09-01",1
"Melstone Public Schools","2026-09-01",4
"Melville","2026-09-01",1
"Miami Elementary School District #31","2026-09-01",1
"Miles City MT","2026-09-01",3
"Miles City Unified School District 1","2026-09-01",20
"Missoula","2026-09-01",15
"Missoula County Public Schools","2026-09-01",38
"Montana City","2026-09-01",3
"Moore","2026-09-01",2
"Mosby","2026-09-01",1
"Nashua","2026-09-01",3
"North Star Public Schools","2026-09-01",2
"Northwest of Cut Bank, MT","2026-09-01",1
"Opheim","2026-09-01",1
"Park City","2026-09-01",1
"Park City Schools","2026-09-01",2
"Philipsburg","2026-09-01",1
"Philipsburg School District","2026-09-01",7
"Plentywood Public Schools","2026-09-01",4
"Plentywood, MT","2026-09-01",4
"Plevna School District #55","2026-09-01",10
"Plevna, Montana","2026-09-01",3
"Polson","2026-09-01",1
"Poplar","2026-09-01",5
"Poplar Public Schools","2026-09-01",11
"Pryor","2026-09-01",1
"Pryor, MT","2026-09-01",1
"RUDYARD","2026-09-01",3
"Ramsay","2026-09-01",3
"Ramsay School District #3","2026-09-01",2
"Red Lodge School District 1","2026-09-01",4
"Reed Point","2026-09-01",1
"Reed Point School District","2026-09-01",2
"Roberts Public School","2026-09-01",3
"Rocky Boy","2026-09-01",7
"Rocky Boy Agency","2026-09-01",1
"Rocky Boy Public Schools","2026-09-01",18
"Ronan","2026-09-01",11
"Ronan Public Schools","2026-09-01",16
"Rosebud","2026-09-01",1
"Roundup","2026-09-01",1
"Roundup School District","2026-09-01",13
"Roy School District 74","2026-09-01",3
"Rudyard/Gildford","2026-09-01",3
"Rural Havre","2026-09-01",1
"Ryegate","2026-09-01",2
"Saint Ignatius","2026-09-01",1
"Saint Ignatius- Salish Teacher","2026-09-01",1
"Sand Coulee","2026-09-01",2
"Scobey Schools","2026-09-01",13
"Seeley Lake","2026-09-01",3
"Shelby","2026-09-01",2
"Shelby School District","2026-09-01",6
"Shepherd","2026-09-01",4
"Shepherd MT","2026-09-01",1
"Shepherd School District #37","2026-09-01",1
"Sheridan, MT","2026-09-01",4
"Shields Valley Public Schools","2026-09-01",4
"Sidney","2026-09-01",5
"Sidney Public Schools","2026-09-01",7
"Simms","2026-09-01",1
"St Regis School District","2026-09-01",14
"St. Ignatius - 40 miles North of Missoula!","2026-09-01",2
"St. Ignatius School District","2026-09-01",4
"Stanford Public Schools","2026-09-01",6
"Stevensville","2026-09-01",5
"Stevensville Public Schools","2026-09-01",15
"Sunburst","2026-09-01",3
"Sunburst Schools","2026-09-01",4
"Superior Montana","2026-09-01",1
"Superior, Montana","2026-09-01",1
"Swan River School District #4","2026-09-01",5
"Swan River in Bigfork","2026-09-01",1
"Target Range School District","2026-09-01",5
"Ten minutes from Missoula","2026-09-01",1
"Terry","2026-09-01",1
"Terry Public Schools","2026-09-01",14
"Thompson Falls","2026-09-01",2
"Thompson Falls Public Schools","2026-09-01",5
"Three Forks","2026-09-01",3
"Three Forks Public Schools","2026-09-01",3
"Townsend","2026-09-01",2
"Townsend School District","2026-09-01",5
"Townsend, MT","2026-09-01",1
"Trego School District 53","2026-09-01",1
"Trego, MT","2026-09-01",1
"Trout Creek","2026-09-01",2
"Troy","2026-09-01",1
"Turner Public Schools","2026-09-01",3
"Ulm","2026-09-01",1
"Upper West Shore School District #33","2026-09-01",2
"Valier School District #18","2026-09-01",1
"Valley View/Polson","2026-09-01",1
"Vida","2026-09-01",3
"WIBAUX","2026-09-01",1
"WYOLA","2026-09-01",1
"West Yellowstone School District","2026-09-01",5
"Westby","2026-09-01",6
"Westby School District 3","2026-09-01",2
"White Sulphur Springs","2026-09-01",2
"White Sulphur Springs Schools","2026-09-01",5
"Whitefish","2026-09-01",3
"Whitefish School District","2026-09-01",12
"Whitewater","2026-09-01",1
"Wibaux","2026-09-01",4
"Wilsall","2026-09-01",2
"Winifred, MT","2026-09-01",2
"Winnett Public Schools","2026-09-01",4
"Wolf Point","2026-09-01",10
"Wolf Point Public Schools","2026-09-01",12
"Wolf Point, MT","2026-09-01",1
"Wolf Point, Montana","2026-09-01",1
"Wyola","2026-09-01",1
